{"cameraMode":{"drawMode":0,"name":"Shaded","section":"Shading Mode"},"sceneLighting":false,"audioPlay":false,"sceneViewState":{"m_AlwaysRefresh":false,"showFog":true,"showSkybox":false,"showFlares":true,"showImageEffects":true,"showParticleSystems":true,"showVisualEffectGraphs":true,"m_FxEnabled":true},"in2DMode":false,"pivot":{"x":-0.6185457706451416,"y":0.9182069301605225,"z":-0.400692343711853},"rotation":{"x":0.20628510415554048,"y":0.16639788448810578,"z":-0.035622548311948779,"w":0.9635836482048035},"size":2.821300506591797,"orthographic":true}