{"cameraMode":{"drawMode":0,"name":"Shaded","section":"Shading Mode"},"sceneLighting":false,"audioPlay":false,"sceneViewState":{"m_AlwaysRefresh":false,"showFog":true,"showSkybox":false,"showFlares":true,"showImageEffects":true,"showParticleSystems":true,"showVisualEffectGraphs":true,"m_FxEnabled":true},"in2DMode":false,"pivot":{"x":-0.13999998569488526,"y":0.05399999022483826,"z":-0.20000001788139344},"rotation":{"x":0.1879187971353531,"y":-0.09266340732574463,"z":0.017808254808187486,"w":0.9776502251625061},"size":1.4579203128814698,"orthographic":false}