{"cameraMode":{"drawMode":0,"name":"Shaded","section":"Shading Mode"},"sceneLighting":false,"audioPlay":false,"sceneViewState":{"m_AlwaysRefresh":false,"showFog":true,"showSkybox":false,"showFlares":true,"showImageEffects":true,"showParticleSystems":true,"showVisualEffectGraphs":true,"m_FxEnabled":true},"in2DMode":false,"pivot":{"x":-0.44817930459976199,"y":0.009349167346954346,"z":-0.0268862247467041},"rotation":{"x":0.08396319299936295,"y":0.4128287136554718,"z":-0.03825350105762482,"w":0.9061238169670105},"size":1.226650357246399,"orthographic":true}