{"cameraMode":{"drawMode":0,"name":"Shaded","section":"Shading Mode"},"sceneLighting":false,"audioPlay":false,"sceneViewState":{"m_AlwaysRefresh":false,"showFog":true,"showSkybox":false,"showFlares":true,"showImageEffects":true,"showParticleSystems":true,"showVisualEffectGraphs":true,"m_FxEnabled":true},"in2DMode":false,"pivot":{"x":-0.40204596519470217,"y":1.1412198543548585,"z":7.792287826538086},"rotation":{"x":0.2561221122741699,"y":0.1414765864610672,"z":-0.03792349994182587,"w":0.9554832577705383},"size":1.5161411762237549,"orthographic":true}