{"cameraMode":{"drawMode":0,"name":"Shaded","section":"Shading Mode"},"sceneLighting":false,"audioPlay":false,"sceneViewState":{"m_AlwaysRefresh":false,"showFog":false,"showSkybox":false,"showFlares":false,"showImageEffects":false,"showParticleSystems":false,"showVisualEffectGraphs":true,"m_FxEnabled":true},"in2DMode":false,"pivot":{"x":0.02536684274673462,"y":0.8004990816116333,"z":-0.20602840185165406},"rotation":{"x":-0.016215194016695024,"y":-0.9757112264633179,"z":0.20429453253746034,"w":-0.0774414911866188},"size":1.4875134229660035,"orthographic":false}