{"cameraMode":{"drawMode":0,"name":"Shaded","section":"Shading Mode"},"sceneLighting":false,"audioPlay":false,"sceneViewState":{"m_AlwaysRefresh":false,"showFog":false,"showSkybox":false,"showFlares":false,"showImageEffects":false,"showParticleSystems":false,"showVisualEffectGraphs":true,"m_FxEnabled":true},"in2DMode":false,"pivot":{"x":0.0013552792370319367,"y":1.037881851196289,"z":-1.0128726959228516},"rotation":{"x":-0.0004130927845835686,"y":-0.9988427758216858,"z":0.04737912118434906,"w":-0.008693493902683258},"size":2.728027105331421,"orthographic":false}