{"cameraMode":{"drawMode":0,"name":"Shaded","section":"Shading Mode"},"sceneLighting":false,"audioPlay":false,"sceneViewState":{"m_AlwaysRefresh":false,"showFog":true,"showSkybox":false,"showFlares":true,"showImageEffects":true,"showParticleSystems":true,"showVisualEffectGraphs":true,"m_FxEnabled":true},"in2DMode":false,"pivot":{"x":2.9725165367126467,"y":4.0173540115356449,"z":6.218438148498535},"rotation":{"x":0.05639524757862091,"y":0.2633877098560333,"z":-0.015425815246999264,"w":0.9629178047180176},"size":9.364805221557618,"orthographic":false}