{"cameraMode":{"drawMode":0,"name":"Shaded","section":"Shading Mode"},"sceneLighting":false,"audioPlay":false,"sceneViewState":{"m_AlwaysRefresh":false,"showFog":true,"showSkybox":false,"showFlares":true,"showImageEffects":true,"showParticleSystems":true,"showVisualEffectGraphs":true,"m_FxEnabled":true},"in2DMode":false,"pivot":{"x":2.0453810691833498,"y":2.1222121715545656,"z":0.9858689308166504},"rotation":{"x":-0.17026083171367646,"y":-0.15945658087730409,"z":0.02792411483824253,"w":-0.9720365405082703},"size":5.424745559692383,"orthographic":false}