{"cameraMode":{"drawMode":0,"name":"Shaded","section":"Shading Mode"},"sceneLighting":false,"audioPlay":false,"sceneViewState":{"m_AlwaysRefresh":false,"showFog":true,"showSkybox":false,"showFlares":true,"showImageEffects":true,"showParticleSystems":true,"showVisualEffectGraphs":true,"m_FxEnabled":true},"in2DMode":false,"pivot":{"x":-6.252119541168213,"y":8.680085182189942,"z":16.384294509887697},"rotation":{"x":-0.0030748466961085798,"y":0.9969209432601929,"z":-0.05388617143034935,"w":-0.056886184960603717},"size":0.5579203367233276,"orthographic":false}